,artist,제목
0,"이수,My Way",돈꽃
1,"폴킴,모든 날, 모든 순간 ",'키스 먼저 할까요?'
2,"문문 ,결혼",이번 생은 처음이라
3,"멜로망스,짙어져",Yellow
4,"에일리 ,첫눈처럼 너에게 가겠다",도깨비
5,"Sondia,어른",나의 아저씨
6,"양요섭,길에서",리플리 Vol.1
7,"김나영,그대만 보여서",김비서가 왜 그럴까
8,"박효신,그 날 ",미스터 션샤인
9,"이수현,소리",미스터 션샤인
10,"멜로망스,좋은 날",미스터 션샤인
11,"세븐틴,A-TEEN",A-TEEN Part.3
12,"박원,이방인",미스터 션샤인
13,"로이킴,왜 몰랐을까",아는 와이프
14,"벤 ,미워도 다시 한 번",리플리 Vol.3
15,"뉴이스트 W,AND I",미스터 션샤인
16,"백지영,See You Again ",미스터 션샤인
17,"정승환,잘 지내요",라이프
18,"거미,지워져",백일의 낭군님
19,"모트 ,도망가지마",A-TEEN Part.4
20,"세정,정인 ",미스터 션샤인
21,"10cm,Perfect",연애플레이리스트 3 Part.1 (웹드라마)
22,"벤 ,If You Were Me",미스터 션샤인
23,"황치열,어찌 잊으오",미스터 션샤인
24,"김민석,너에게",연애플레이리스트 3 Part.2 (웹드라마)
25,"첸 ,벚꽃연가",백일의 낭군님
26,"다비치,꿈처럼 내린",뷰티 인사이드
27,"케이윌 ,내 생에 아름다운",뷰티 인사이드
28,"로시 ,구름",뷰티 인사이드
29,"웬디,Goodbye",뷰티 인사이드
30,"볼빨간사춘기,My Trouble",WHY : 당신이 연인에게 차인 진짜 이유
31,"Queen,Bohemian Rhapsody ",영화 보헤미안 랩소디 OST (Bohemian Rhapsody
32,"Queen,Bohemian Rhapsody",영화 보헤미안 랩소디 OST (Bohemian Rhapsody
33,"Queen,Somebody To Love",영화 보헤미안 랩소디 OST (Bohemian Rhapsody
34,"폴킴,사랑 알 수 없나봐",WHY : 당신이 연인에게 차인 진짜 이유
35,"에일리,Is You",알함브라 궁전의 추억
36,"하진,We all lie",SKY 캐슬
37,"Queen,Radio Ga Ga ",영화 보헤미안 랩소디 OST (Bohemian Rhapsody
38,"정승환,너였다면",또 오해영
39,"크러쉬 ,Beautiful",도깨비
40,"에이핑크 ,%%",영혼수선공
41,"양다일,I`m Here",알함브라 궁전의 추억
42,"백아연,그대여야만 해요",남자친구
43,"허각,Cosmos",일단 뜨겁게 청소하라
44,"첸 ,Make it count",진심이 닿다
45,"잔나비,나는 볼 수 없던 이야기",로맨스는 별책부록
46,"로시 ,레인보우 ",로맨스는 별책부록
47,"Post Malone & Swae Lee,Sunflower ",스파이더맨 : 뉴 유니버스 OST (Spider-Man : Into The Spider-Verse
48,"성시경,니 곁이라면",왕이 된 남자
49,"웬디,What If Love",진심이 닿다
50,"김나영,너의 모든 기억속에",로맨스는 별책부록
51,"로꼬 ,우연히 봄",냄새를 보는 소녀
52,"백예린,스며들기 좋은 오늘",A-TEEN 2 Part.1
53,"세븐틴,9-TEEN",A-TEEN 2 Part.2
54,"Naomi Scott,Speechless ",Aladdin (Original Motion Picture Soundtrack)
55,"Mena Massoud, Naomi Scott,A Whole New World",Aladdin (Original Motion Picture Soundtrack)
56,"방탄소년단, Charli XCX,Dream Glow ",Dream Glow (BTS WORLD
57,"Will Smith,Arabian Nights ",Aladdin (Original Motion Picture Soundtrack)
58,"Will Smith,Prince Ali",Aladdin (Original Motion Picture Soundtrack)
59,"Will Smith,Friend Like Me",Aladdin (Original Motion Picture Soundtrack)
60,"방탄소년단, Zara Larsson,A Brand New Day ",A Brand New Day (BTS WORLD
61,"Mena Massoud,One Jump Ahead",Aladdin (Original Motion Picture Soundtrack)
62,"장범준,손 닿으면",검색어를 입력하세요 WWW
63,"방탄소년단, Juice WRLD,All Night ",All Night (BTS WORLD
64,"방탄소년단,Heartbeat",BTS WORLD
65,"마마무 ,WOW",검색어를 입력하세요 WWW
66,"샘김,향기",검색어를 입력하세요 WWW
67,"먼데이 키즈 ,Another Day",호텔 델루나
68,"김나영,조금 더 외로워지겠지",검색어를 입력하세요 WWW
69,"EXO-CBX ,누가 봐도 우린 ",연애플레이리스트 4 Part.1 (웹드라마)
70,"10cm,나의 어깨에 기대어요",호텔 델루나
71,"태연 ,그대라는 시",호텔 델루나
72,"헤이즈 ,내 맘을 볼 수 있나요",호텔 델루나
73,"양다일,너만 너만 너만",호텔 델루나
74,"청하,그 끝에 그대",호텔 델루나
75,"거미,기억해줘요 내 모든 날과 그때를",호텔 델루나
76,"옹성우,우리가 만난 이야기",열여덟의 순간
77,"폴킴,안녕",호텔 델루나
78,"벤 ,내 목소리 들리니",호텔 델루나
79,"레드벨벳,어떤 별보다",호텔 델루나
80,"송하예,Say Goodbye",호텔 델루나
81,"김민석,Perhaps Love ",Perhaps Love (사랑인가요) - 사물사답 #1
82,"펀치 ,Done For Me",호텔 델루나
83,"장범준,흔들리는 꽃들 속에서 네 샴푸향이 느껴진거야",멜로가 체질
84,"태용 ,러브 델루나",호텔 델루나
85,"존박,이상한 사람",동백꽃 필 무렵 (KBS2 수목드라마)
86,"케이윌 ,네 앞에",날 녹여주오
87,"임한별,꽃처럼 예쁜 그대",동백꽃 필 무렵 (KBS2 수목드라마)
88,"거미,가장 완벽한 날들",조선로코 - 녹두전 (KBS2 월화드라마)
89,"정승환,그건 너이니까",나의 나라
90,"펀치 ,영화 속에 나오는 주인공처럼",동백꽃 필 무렵 (KBS2 수목드라마)
91,"태연 ,숨겨진 세상 ",겨울왕국 2 (한국어 버전)
92,"김나영,그 무렵",동백꽃 필 무렵 (KBS2 수목드라마)
93,"김필,겨울이 오면",동백꽃 필 무렵 (KBS2 수목드라마)
94,"헤이즈 ,운명이 내게 말해요",동백꽃 필 무렵 (KBS2 수목드라마)
95,"Idina Menzel, AURORA,Into the Unknown",Frozen 2 (겨울왕국 2
96,"Idina Menzel, Evan Rachel Wood,Show Yourself",Frozen 2 (겨울왕국 2
97,"벤 ,한숨만",보좌관2-세상을 움직이는 사람들
98,"Kristen Bell, Idina Menzel, Josh Gad, Jonathan Groff, Cast of Frozen 2Frozen 2 ,Some Things Never Change",Frozen 2 (겨울왕국 2
99,"Evan Rachel Wood,All Is Found",Frozen 2 (겨울왕국 2
100,"Kristen Bell,The Next Right Thing",Frozen 2 (겨울왕국 2
101,"Jonathan Groff,Lost in the Woods",Frozen 2 (겨울왕국 2
102,"Panic! At The Disco,Into the Unknown ",Frozen 2 (겨울왕국 2
103,"Josh Gad,When I Am Older",Frozen 2 (겨울왕국 2
104,"박혜나, Aurora,숨겨진 세상 ",겨울왕국 2 (한국어 버전)
105,"Idina Menzel,Let It Go",겨울왕국 OST (Frozen
106,"Jonathan Groff,Reindeer",Frozen 2 (겨울왕국 2
107,"이용신,New Future",Returned Fullmoon
108,"이용신,Love Chronicle",Returned Fullmoon
109,"이용신,Myself",Returned Fullmoon
110,"이용신,Eternal Snow",Returned Fullmoon
111,"에일리 ,그저 바라본다",초콜릿
112,"10cm,우연인 듯 운명",사랑의 불시착
113,"윤미래,Flower",사랑의 불시착
114,"다비치,노을",사랑의 불시착
115,"백현 ,너를 사랑하고 있어",낭만닥터 김사부 2
116,"백예린,다시 난, 여기",사랑의 불시착
117,"거미,너의 하루는 좀 어때",낭만닥터 김사부 2
118,"김재환,어떤 날엔",사랑의 불시착
119,"찬열 ,Go away go away",낭만닥터 김사부 2
120,"이승철,내가 많이 사랑해요",달빛조각사 웹툰
121,"헤이즈 ,다 그렇지 뭐",낭만닥터 김사부 2
122,"송가인,내 마음의 사진",사랑의 불시착
123,"마마무 ,자꾸 더 보고싶은 사람",낭만닥터 김사부 2
124,"양다일,사랑 이토록 어려운 말",낭만닥터 김사부 2
125,"세정,나의 모든 날",사랑의 불시착
126,"먼데이키즈 ,모르시죠",낭만닥터 김사부 2
127,"청하,나의 그대",낭만닥터 김사부 2
128,"선미,가라고 ",엑스엑스 (XX)
129,"크러쉬 ,둘만의 세상으로 가",사랑의 불시착
130,"아이유 ,마음을 드려요",사랑의 불시착
131,"가호 ,시작",이태원 클라쓰
132,"에이프릴 세컨드 ,그리움의 언덕",사랑의 불시착
133,"김필,그때 그 아인",이태원 클라쓰
134,"하현우,돌덩이",이태원 클라쓰
135,"박원,내 차례",또한번 엔딩
136,"윤미래,Say",이태원 클라쓰
137,"백현 ,너에게 가는 이 길 위에서 ",하이에나
138,"V,Sweet Night",이태원 클라쓰
139,"크러쉬 ,어떤 말도",이태원 클라쓰
140,"비와이,새로이 ",이태원 클라쓰 웹툰
141,"규현 ,하루종일",날씨가 좋으면 찾아가겠어요
142,"조이,좋은 사람 있으면 소개시켜줘",슬기로운 의사생활
143,"조정석,아로하",슬기로운 의사생활
144,"권진아,Lonely Night",슬기로운 의사생활
145,"규현 ,화려하지 않은 고백",슬기로운 의사생활
146,"MC몽, 김재환,봄 같던 그녀가 춥대 ",X by X ［결핍]
147,"어반 자카파 ,그대 고운 내사랑",슬기로운 의사생활
148,"곽진언,시청 앞 지하철 역에서",슬기로운 의사생활
149,"자이언티,I Just Want To Stay With You",더 킹 : 영원의 군주
